product_id,product_name,category,subcategory,brand,supplier,unit_cost,unit_price,stock_quantity,reorder_point,discontinued,profit_margin
1,Product_0,Food,Food_Sub_1,Brand_29,Supplier_13,27.89,325.93,177,48,False,91.44
2,Product_1,Books,Books_Sub_5,Brand_5,Supplier_1,249.74,936.54,392,11,True,73.33
3,Product_2,Electronics,Electronics_Sub_2,Brand_50,Supplier_20,32.98,543.7,694,55,False,93.93
4,Product_3,Books,Books_Sub_5,Brand_14,Supplier_10,490.65,664.82,312,58,False,26.2
5,Product_4,Home & Garden,Home & Garden_Sub_2,Brand_34,Supplier_15,258.98,271.84,804,48,False,4.73
6,Product_5,Clothing,Clothing_Sub_1,Brand_32,Supplier_9,86.09,548.73,640,40,True,84.31
7,Product_6,Books,Books_Sub_5,Brand_6,Supplier_20,124.13,759.38,871,42,False,83.65
8,Product_7,Toys,Toys_Sub_5,Brand_27,Supplier_12,422.7,635.09,54,85,False,33.44
9,Product_8,Beauty,Beauty_Sub_3,Brand_36,Supplier_12,459.15,644.03,191,68,False,28.71
10,Product_9,Books,Books_Sub_1,Brand_41,Supplier_2,177.34,727.26,81,27,False,75.62
11,Product_10,Home & Garden,Home & Garden_Sub_4,Brand_48,Supplier_3,65.48,921.7,933,29,False,92.9
12,Product_11,Clothing,Clothing_Sub_1,Brand_47,Supplier_8,129.38,74.08,657,56,False,-74.65
13,Product_12,Home & Garden,Home & Garden_Sub_2,Brand_16,Supplier_6,415.14,684.08,510,23,False,39.31
14,Product_13,Beauty,Beauty_Sub_2,Brand_2,Supplier_1,418.02,107.03,793,12,False,-290.56
15,Product_14,Books,Books_Sub_4,Brand_4,Supplier_8,492.13,643.26,523,87,False,23.49
16,Product_15,Clothing,Clothing_Sub_5,Brand_28,Supplier_19,278.54,416.64,592,50,False,33.15
17,Product_16,Electronics,Electronics_Sub_1,Brand_44,Supplier_3,43.11,265.45,936,73,False,83.76
18,Product_17,Food,Food_Sub_4,Brand_14,Supplier_7,400.52,610.15,115,95,True,34.36
19,Product_18,Sports,Sports_Sub_1,Brand_22,Supplier_17,167.8,255.26,768,32,False,34.26
20,Product_19,Toys,Toys_Sub_2,Brand_3,Supplier_14,239.4,743.16,871,36,False,67.79
21,Product_20,Electronics,Electronics_Sub_4,Brand_50,Supplier_12,49.37,141.78,736,15,False,65.18
22,Product_21,Clothing,Clothing_Sub_4,Brand_22,Supplier_20,114.14,471.17,165,11,False,75.78
23,Product_22,Toys,Toys_Sub_4,Brand_10,Supplier_2,354.63,698.14,985,100,False,49.2
24,Product_23,Beauty,Beauty_Sub_2,Brand_45,Supplier_13,208.29,124.31,656,16,True,-67.56
25,Product_24,Electronics,Electronics_Sub_2,Brand_14,Supplier_14,7.11,530.48,990,17,False,98.66
26,Product_25,Toys,Toys_Sub_3,Brand_41,Supplier_4,192.93,785.17,660,92,False,75.43
27,Product_26,Books,Books_Sub_1,Brand_5,Supplier_12,445.68,844.94,82,71,False,47.25
28,Product_27,Books,Books_Sub_3,Brand_35,Supplier_19,329.24,299.17,568,43,False,-10.05
29,Product_28,Sports,Sports_Sub_2,Brand_31,Supplier_7,466.54,932.61,855,94,True,49.97
30,Product_29,Sports,Sports_Sub_3,Brand_3,Supplier_10,343.72,495.02,453,25,False,30.56
31,Product_30,Beauty,Beauty_Sub_4,Brand_46,Supplier_18,459.97,71.02,263,32,False,-547.66
32,Product_31,Electronics,Electronics_Sub_1,Brand_4,Supplier_19,295.25,482.48,73,81,False,38.81
33,Product_32,Beauty,Beauty_Sub_3,Brand_42,Supplier_18,355.22,944.37,339,57,False,62.39
34,Product_33,Home & Garden,Home & Garden_Sub_4,Brand_26,Supplier_1,232.68,159.61,373,67,False,-45.78
35,Product_34,Toys,Toys_Sub_5,Brand_5,Supplier_13,440.88,191.76,133,47,False,-129.91
36,Product_35,Beauty,Beauty_Sub_2,Brand_9,Supplier_20,257.51,614.75,248,71,False,58.11
37,Product_36,Home & Garden,Home & Garden_Sub_5,Brand_19,Supplier_15,277.97,224.86,733,30,True,-23.62
38,Product_37,Electronics,Electronics_Sub_1,Brand_44,Supplier_2,264.15,736.32,971,25,False,64.13
39,Product_38,Beauty,Beauty_Sub_1,Brand_29,Supplier_17,421.6,889.96,263,35,True,52.63
40,Product_39,Food,Food_Sub_5,Brand_30,Supplier_17,199.36,633.49,783,34,False,68.53
41,Product_40,Clothing,Clothing_Sub_5,Brand_13,Supplier_4,437.73,233.2,875,81,False,-87.71
42,Product_41,Toys,Toys_Sub_1,Brand_39,Supplier_15,122.14,744.57,793,97,False,83.6
43,Product_42,Books,Books_Sub_2,Brand_43,Supplier_9,230.79,803.29,718,84,False,71.27
44,Product_43,Beauty,Beauty_Sub_5,Brand_7,Supplier_14,350.45,465.31,823,63,True,24.68
45,Product_44,Books,Books_Sub_3,Brand_49,Supplier_5,269.3,517.88,60,20,False,48.0
46,Product_45,Toys,Toys_Sub_4,Brand_34,Supplier_16,123.81,887.71,458,95,False,86.05
47,Product_46,Books,Books_Sub_2,Brand_13,Supplier_5,47.1,494.84,9,53,False,90.48
48,Product_47,Clothing,Clothing_Sub_4,Brand_34,Supplier_8,346.36,449.08,111,49,False,22.87
49,Product_48,Home & Garden,Home & Garden_Sub_1,Brand_19,Supplier_19,227.8,745.72,167,91,False,69.45
50,Product_49,Home & Garden,Home & Garden_Sub_1,Brand_49,Supplier_17,40.87,180.05,18,94,False,77.3
51,Product_50,Toys,Toys_Sub_3,Brand_14,Supplier_6,253.29,227.67,947,61,True,-11.25
52,Product_51,Sports,Sports_Sub_4,Brand_33,Supplier_10,244.55,507.43,685,35,False,51.81
53,Product_52,Books,Books_Sub_5,Brand_29,Supplier_3,228.44,206.93,211,65,False,-10.39
54,Product_53,Sports,Sports_Sub_4,Brand_41,Supplier_20,273.51,252.54,750,95,False,-8.3
55,Product_54,Food,Food_Sub_1,Brand_14,Supplier_20,402.97,320.19,636,93,False,-25.85
56,Product_55,Books,Books_Sub_2,Brand_41,Supplier_1,36.33,898.01,998,28,False,95.95
57,Product_56,Clothing,Clothing_Sub_2,Brand_45,Supplier_15,60.47,436.23,918,29,False,86.14
58,Product_57,Clothing,Clothing_Sub_1,Brand_40,Supplier_4,45.26,392.05,497,16,False,88.46
59,Product_58,Food,Food_Sub_3,Brand_5,Supplier_11,54.81,378.29,619,31,False,85.51
60,Product_59,Home & Garden,Home & Garden_Sub_1,Brand_24,Supplier_17,124.09,285.41,744,11,False,56.52
61,Product_60,Food,Food_Sub_1,Brand_15,Supplier_10,30.16,463.87,157,96,False,93.5
62,Product_61,Electronics,Electronics_Sub_3,Brand_10,Supplier_18,233.92,494.81,188,70,False,52.73
63,Product_62,Sports,Sports_Sub_5,Brand_48,Supplier_1,158.43,541.89,957,80,False,70.76
64,Product_63,Sports,Sports_Sub_3,Brand_23,Supplier_20,208.21,263.93,889,61,False,21.11
65,Product_64,Electronics,Electronics_Sub_4,Brand_39,Supplier_14,153.38,383.02,111,22,False,59.96
66,Product_65,Home & Garden,Home & Garden_Sub_1,Brand_23,Supplier_19,186.34,642.7,699,96,False,71.01
67,Product_66,Books,Books_Sub_4,Brand_16,Supplier_10,467.44,720.4,274,99,True,35.11
68,Product_67,Books,Books_Sub_3,Brand_26,Supplier_15,380.6,525.39,619,67,True,27.56
69,Product_68,Food,Food_Sub_5,Brand_42,Supplier_18,153.66,665.07,812,64,False,76.9
70,Product_69,Home & Garden,Home & Garden_Sub_4,Brand_34,Supplier_17,158.61,910.66,621,77,False,82.58
71,Product_70,Books,Books_Sub_5,Brand_12,Supplier_10,13.55,120.5,682,15,False,88.76
72,Product_71,Clothing,Clothing_Sub_2,Brand_28,Supplier_18,227.57,592.91,768,72,True,61.62
73,Product_72,Food,Food_Sub_5,Brand_8,Supplier_14,272.56,656.44,923,98,False,58.48
74,Product_73,Food,Food_Sub_4,Brand_3,Supplier_16,342.66,718.01,823,74,True,52.28
75,Product_74,Beauty,Beauty_Sub_2,Brand_42,Supplier_15,367.63,51.82,861,85,False,-609.44
76,Product_75,Books,Books_Sub_4,Brand_10,Supplier_16,316.29,822.93,980,95,False,61.57
77,Product_76,Food,Food_Sub_4,Brand_12,Supplier_11,169.88,288.6,796,49,False,41.14
78,Product_77,Food,Food_Sub_4,Brand_25,Supplier_4,451.89,925.39,919,48,False,51.17
79,Product_78,Clothing,Clothing_Sub_2,Brand_26,Supplier_2,55.67,293.67,389,10,False,81.04
80,Product_79,Food,Food_Sub_2,Brand_28,Supplier_2,308.02,733.31,482,37,True,58.0
81,Product_80,Food,Food_Sub_5,Brand_34,Supplier_15,153.21,755.54,437,94,False,79.72
82,Product_81,Books,Books_Sub_5,Brand_35,Supplier_18,178.28,839.78,771,13,False,78.77
83,Product_82,Home & Garden,Home & Garden_Sub_1,Brand_49,Supplier_19,134.85,477.14,967,59,False,71.74
84,Product_83,Sports,Sports_Sub_2,Brand_6,Supplier_1,55.62,590.75,952,85,True,90.58
85,Product_84,Beauty,Beauty_Sub_2,Brand_9,Supplier_7,403.9,221.85,897,93,True,-82.06
86,Product_85,Clothing,Clothing_Sub_2,Brand_14,Supplier_7,297.78,655.01,650,62,False,54.54
87,Product_86,Home & Garden,Home & Garden_Sub_2,Brand_36,Supplier_2,255.14,46.83,46,58,False,-444.82
88,Product_87,Food,Food_Sub_1,Brand_40,Supplier_3,39.74,119.87,553,69,False,66.85
89,Product_88,Books,Books_Sub_1,Brand_7,Supplier_7,193.9,333.57,145,25,False,41.87
90,Product_89,Beauty,Beauty_Sub_3,Brand_16,Supplier_2,123.11,110.26,39,44,False,-11.65
91,Product_90,Electronics,Electronics_Sub_5,Brand_7,Supplier_13,393.6,212.22,38,14,True,-85.47
92,Product_91,Beauty,Beauty_Sub_5,Brand_4,Supplier_11,263.85,443.4,349,84,False,40.49
93,Product_92,Clothing,Clothing_Sub_3,Brand_18,Supplier_19,373.93,479.35,615,95,False,21.99
94,Product_93,Sports,Sports_Sub_2,Brand_28,Supplier_2,297.9,381.03,432,95,False,21.82
95,Product_94,Home & Garden,Home & Garden_Sub_1,Brand_48,Supplier_1,21.09,631.54,693,13,False,96.66
96,Product_95,Beauty,Beauty_Sub_3,Brand_44,Supplier_18,332.28,323.47,571,40,False,-2.72
97,Product_96,Sports,Sports_Sub_5,Brand_3,Supplier_20,402.81,968.29,950,11,True,58.4
98,Product_97,Food,Food_Sub_4,Brand_19,Supplier_20,351.55,88.7,586,94,False,-296.34
99,Product_98,Electronics,Electronics_Sub_4,Brand_44,Supplier_19,270.8,638.12,241,48,True,57.56
100,Product_99,Books,Books_Sub_4,Brand_23,Supplier_2,406.88,624.24,652,34,False,34.82
101,Product_100,Toys,Toys_Sub_5,Brand_32,Supplier_1,124.95,667.82,457,93,False,81.29
102,Product_101,Clothing,Clothing_Sub_1,Brand_9,Supplier_20,196.16,708.52,371,34,False,72.31
103,Product_102,Clothing,Clothing_Sub_2,Brand_31,Supplier_6,287.3,184.92,892,30,False,-55.36
104,Product_103,Electronics,Electronics_Sub_3,Brand_5,Supplier_3,82.26,801.07,281,33,False,89.73
105,Product_104,Books,Books_Sub_1,Brand_30,Supplier_10,90.7,280.53,43,21,False,67.67
106,Product_105,Books,Books_Sub_4,Brand_32,Supplier_11,108.7,565.19,325,95,True,80.77
107,Product_106,Sports,Sports_Sub_5,Brand_40,Supplier_7,296.81,783.38,993,65,False,62.11
108,Product_107,Toys,Toys_Sub_4,Brand_43,Supplier_20,476.29,130.89,719,83,True,-263.89
109,Product_108,Sports,Sports_Sub_1,Brand_26,Supplier_18,163.53,739.52,812,66,False,77.89
110,Product_109,Toys,Toys_Sub_3,Brand_16,Supplier_14,394.37,432.57,22,12,True,8.83
111,Product_110,Food,Food_Sub_3,Brand_50,Supplier_1,488.17,678.16,517,59,True,28.02
112,Product_111,Food,Food_Sub_2,Brand_3,Supplier_16,179.32,524.44,659,47,False,65.81
113,Product_112,Books,Books_Sub_2,Brand_35,Supplier_19,73.58,420.83,274,42,True,82.52
114,Product_113,Books,Books_Sub_5,Brand_35,Supplier_18,490.1,207.67,196,64,False,-136.0
115,Product_114,Home & Garden,Home & Garden_Sub_1,Brand_23,Supplier_3,477.9,710.24,200,18,True,32.71
116,Product_115,Clothing,Clothing_Sub_4,Brand_36,Supplier_11,409.86,87.12,471,77,True,-370.45
117,Product_116,Sports,Sports_Sub_4,Brand_5,Supplier_7,419.9,612.63,479,56,True,31.46
118,Product_117,Clothing,Clothing_Sub_2,Brand_40,Supplier_7,329.52,518.99,791,11,False,36.51
119,Product_118,Toys,Toys_Sub_2,Brand_29,Supplier_14,169.18,912.0,490,67,False,81.45
120,Product_119,Clothing,Clothing_Sub_5,Brand_39,Supplier_13,118.89,901.33,579,27,False,86.81
121,Product_120,Beauty,Beauty_Sub_1,Brand_24,Supplier_1,139.91,362.4,553,19,False,61.39
122,Product_121,Beauty,Beauty_Sub_2,Brand_14,Supplier_10,65.2,763.0,602,98,False,91.45
123,Product_122,Clothing,Clothing_Sub_2,Brand_23,Supplier_20,493.9,248.7,626,47,True,-98.59
124,Product_123,Clothing,Clothing_Sub_5,Brand_7,Supplier_12,356.89,253.92,617,12,False,-40.55
125,Product_124,Toys,Toys_Sub_2,Brand_17,Supplier_11,391.96,236.18,149,32,True,-65.96
126,Product_125,Electronics,Electronics_Sub_2,Brand_10,Supplier_3,376.59,11.01,618,85,False,-3320.44
127,Product_126,Electronics,Electronics_Sub_3,Brand_34,Supplier_1,352.51,532.56,46,29,False,33.81
128,Product_127,Books,Books_Sub_2,Brand_17,Supplier_7,201.9,403.18,703,75,False,49.92
129,Product_128,Electronics,Electronics_Sub_5,Brand_1,Supplier_5,406.41,590.01,320,88,False,31.12
130,Product_129,Home & Garden,Home & Garden_Sub_2,Brand_50,Supplier_7,199.4,70.92,923,71,False,-181.16
131,Product_130,Home & Garden,Home & Garden_Sub_5,Brand_44,Supplier_17,244.82,830.13,218,51,False,70.51
132,Product_131,Beauty,Beauty_Sub_3,Brand_45,Supplier_14,102.79,570.75,61,77,False,81.99
133,Product_132,Clothing,Clothing_Sub_3,Brand_30,Supplier_7,401.55,447.19,334,51,False,10.21
134,Product_133,Beauty,Beauty_Sub_2,Brand_16,Supplier_20,261.25,709.06,338,96,False,63.16
135,Product_134,Food,Food_Sub_1,Brand_41,Supplier_8,112.04,775.6,521,38,False,85.55
136,Product_135,Toys,Toys_Sub_1,Brand_38,Supplier_2,411.85,335.9,9,41,False,-22.61
137,Product_136,Home & Garden,Home & Garden_Sub_1,Brand_13,Supplier_18,118.39,931.51,10,48,True,87.29
138,Product_137,Home & Garden,Home & Garden_Sub_1,Brand_12,Supplier_8,319.21,820.35,318,21,False,61.09
139,Product_138,Sports,Sports_Sub_2,Brand_40,Supplier_13,308.04,453.22,1000,82,False,32.03
140,Product_139,Clothing,Clothing_Sub_2,Brand_22,Supplier_13,7.07,78.38,989,82,True,90.98
141,Product_140,Electronics,Electronics_Sub_4,Brand_40,Supplier_4,135.26,195.05,894,46,False,30.65
142,Product_141,Sports,Sports_Sub_3,Brand_10,Supplier_1,151.18,684.23,269,51,False,77.91
143,Product_142,Toys,Toys_Sub_1,Brand_33,Supplier_19,477.89,547.09,169,72,False,12.65
144,Product_143,Clothing,Clothing_Sub_3,Brand_14,Supplier_12,299.95,424.91,376,55,False,29.41
145,Product_144,Food,Food_Sub_4,Brand_44,Supplier_20,395.92,209.98,808,61,False,-88.55
146,Product_145,Home & Garden,Home & Garden_Sub_2,Brand_1,Supplier_2,184.89,801.21,616,65,False,76.92
147,Product_146,Food,Food_Sub_4,Brand_42,Supplier_18,420.92,447.82,424,53,False,6.01
148,Product_147,Toys,Toys_Sub_2,Brand_1,Supplier_4,470.36,788.22,557,60,False,40.33
149,Product_148,Home & Garden,Home & Garden_Sub_2,Brand_41,Supplier_4,377.5,399.1,593,11,False,5.41
150,Product_149,Clothing,Clothing_Sub_5,Brand_34,Supplier_15,338.44,258.7,666,91,False,-30.82
151,Product_150,Electronics,Electronics_Sub_2,Brand_41,Supplier_1,143.55,856.85,549,30,False,83.25
152,Product_151,Beauty,Beauty_Sub_3,Brand_18,Supplier_12,274.12,549.66,730,44,True,50.13
153,Product_152,Home & Garden,Home & Garden_Sub_3,Brand_17,Supplier_12,444.88,419.91,363,10,False,-5.95
154,Product_153,Food,Food_Sub_1,Brand_10,Supplier_2,48.8,987.49,512,55,False,95.06
155,Product_154,Electronics,Electronics_Sub_2,Brand_49,Supplier_10,75.87,834.48,942,11,False,90.91
156,Product_155,Electronics,Electronics_Sub_2,Brand_23,Supplier_4,211.34,602.09,327,79,False,64.9
157,Product_156,Electronics,Electronics_Sub_3,Brand_3,Supplier_18,386.1,664.7,946,61,False,41.91
158,Product_157,Beauty,Beauty_Sub_3,Brand_46,Supplier_9,108.78,589.97,280,96,False,81.56
159,Product_158,Food,Food_Sub_3,Brand_8,Supplier_12,92.45,908.37,25,40,False,89.82
160,Product_159,Food,Food_Sub_4,Brand_35,Supplier_5,485.05,164.32,404,83,False,-195.19
161,Product_160,Home & Garden,Home & Garden_Sub_5,Brand_30,Supplier_16,429.22,378.66,520,60,False,-13.35
162,Product_161,Toys,Toys_Sub_5,Brand_31,Supplier_12,266.38,852.29,694,98,False,68.75
163,Product_162,Beauty,Beauty_Sub_4,Brand_17,Supplier_1,175.13,346.34,789,23,False,49.43
164,Product_163,Books,Books_Sub_4,Brand_22,Supplier_13,221.92,702.32,864,95,False,68.4
165,Product_164,Clothing,Clothing_Sub_3,Brand_44,Supplier_14,338.54,197.83,391,51,False,-71.13
166,Product_165,Food,Food_Sub_2,Brand_21,Supplier_12,87.41,202.37,96,11,False,56.81
167,Product_166,Electronics,Electronics_Sub_5,Brand_32,Supplier_10,426.01,252.86,74,20,False,-68.48
168,Product_167,Electronics,Electronics_Sub_1,Brand_19,Supplier_17,397.17,787.71,780,65,False,49.58
169,Product_168,Beauty,Beauty_Sub_1,Brand_33,Supplier_1,394.21,881.91,567,83,False,55.3
170,Product_169,Food,Food_Sub_4,Brand_37,Supplier_17,127.24,551.51,928,37,False,76.93
171,Product_170,Toys,Toys_Sub_3,Brand_49,Supplier_11,315.76,742.91,654,72,False,57.5
172,Product_171,Clothing,Clothing_Sub_4,Brand_29,Supplier_7,275.9,717.76,585,12,False,61.56
173,Product_172,Books,Books_Sub_1,Brand_31,Supplier_17,37.18,647.95,178,53,False,94.26
174,Product_173,Sports,Sports_Sub_3,Brand_47,Supplier_3,136.79,402.01,861,49,False,65.97
175,Product_174,Beauty,Beauty_Sub_1,Brand_43,Supplier_18,446.63,206.84,759,65,False,-115.93
176,Product_175,Books,Books_Sub_4,Brand_35,Supplier_11,225.69,268.06,697,81,False,15.81
177,Product_176,Toys,Toys_Sub_3,Brand_32,Supplier_20,8.23,720.99,622,67,False,98.86
178,Product_177,Electronics,Electronics_Sub_2,Brand_9,Supplier_14,140.83,19.14,971,99,True,-635.79
179,Product_178,Food,Food_Sub_3,Brand_49,Supplier_8,379.0,321.07,834,91,False,-18.04
180,Product_179,Electronics,Electronics_Sub_5,Brand_40,Supplier_10,224.19,171.54,823,43,False,-30.69
181,Product_180,Electronics,Electronics_Sub_2,Brand_48,Supplier_11,382.39,618.07,305,60,False,38.13
182,Product_181,Beauty,Beauty_Sub_4,Brand_31,Supplier_2,147.52,795.56,819,22,False,81.46
183,Product_182,Electronics,Electronics_Sub_1,Brand_34,Supplier_19,350.93,589.11,187,57,False,40.43
184,Product_183,Beauty,Beauty_Sub_4,Brand_13,Supplier_19,242.51,984.83,305,76,False,75.38
185,Product_184,Clothing,Clothing_Sub_1,Brand_10,Supplier_18,438.1,14.57,461,20,False,-2906.86
186,Product_185,Books,Books_Sub_2,Brand_25,Supplier_20,15.94,324.75,140,80,True,95.09
187,Product_186,Toys,Toys_Sub_2,Brand_50,Supplier_5,368.18,78.57,604,56,False,-368.6
188,Product_187,Food,Food_Sub_3,Brand_45,Supplier_17,298.47,267.24,173,77,False,-11.69
189,Product_188,Toys,Toys_Sub_3,Brand_37,Supplier_15,35.55,938.39,393,44,False,96.21
190,Product_189,Sports,Sports_Sub_3,Brand_42,Supplier_2,161.74,604.76,72,10,False,73.26
191,Product_190,Books,Books_Sub_4,Brand_47,Supplier_16,226.57,904.74,906,69,False,74.96
192,Product_191,Home & Garden,Home & Garden_Sub_3,Brand_34,Supplier_16,289.96,81.62,341,77,False,-255.26
193,Product_192,Beauty,Beauty_Sub_3,Brand_7,Supplier_19,92.98,667.12,777,97,False,86.06
194,Product_193,Toys,Toys_Sub_4,Brand_9,Supplier_9,241.32,359.69,100,67,False,32.91
195,Product_194,Food,Food_Sub_2,Brand_37,Supplier_7,336.74,209.75,434,41,False,-60.54
196,Product_195,Electronics,Electronics_Sub_2,Brand_39,Supplier_8,377.26,704.76,604,35,False,46.47
197,Product_196,Books,Books_Sub_4,Brand_4,Supplier_10,148.78,363.4,730,75,False,59.06
198,Product_197,Sports,Sports_Sub_5,Brand_36,Supplier_8,13.71,458.13,606,18,False,97.01
199,Product_198,Clothing,Clothing_Sub_3,Brand_4,Supplier_9,14.77,848.86,300,46,True,98.26
200,Product_199,Electronics,Electronics_Sub_4,Brand_24,Supplier_14,478.97,935.39,978,80,False,48.79
201,Product_200,Books,Books_Sub_5,Brand_24,Supplier_10,342.23,180.76,918,81,False,-89.33
202,Product_201,Clothing,Clothing_Sub_1,Brand_42,Supplier_8,201.3,452.67,912,14,False,55.53
203,Product_202,Clothing,Clothing_Sub_5,Brand_1,Supplier_11,383.34,755.89,341,73,False,49.29
204,Product_203,Electronics,Electronics_Sub_2,Brand_29,Supplier_18,104.61,94.17,881,44,False,-11.09
205,Product_204,Beauty,Beauty_Sub_1,Brand_39,Supplier_7,299.51,765.64,935,18,False,60.88
206,Product_205,Sports,Sports_Sub_5,Brand_40,Supplier_11,288.28,16.23,13,46,False,-1676.22
207,Product_206,Books,Books_Sub_5,Brand_41,Supplier_11,290.6,778.63,733,23,False,62.68
208,Product_207,Toys,Toys_Sub_1,Brand_8,Supplier_18,192.8,279.54,455,69,True,31.03
209,Product_208,Clothing,Clothing_Sub_3,Brand_38,Supplier_11,143.69,802.56,544,32,False,82.1
210,Product_209,Electronics,Electronics_Sub_2,Brand_47,Supplier_1,278.92,33.27,702,52,False,-738.35
211,Product_210,Toys,Toys_Sub_1,Brand_30,Supplier_13,348.08,313.46,613,85,False,-11.04
212,Product_211,Electronics,Electronics_Sub_2,Brand_42,Supplier_18,364.95,442.04,912,36,False,17.44
213,Product_212,Beauty,Beauty_Sub_2,Brand_49,Supplier_8,488.86,223.94,568,20,False,-118.3
214,Product_213,Electronics,Electronics_Sub_1,Brand_13,Supplier_6,80.33,894.88,341,51,False,91.02
215,Product_214,Sports,Sports_Sub_2,Brand_24,Supplier_16,86.92,499.41,924,65,True,82.6
216,Product_215,Beauty,Beauty_Sub_3,Brand_15,Supplier_4,228.34,483.12,894,98,False,52.74
217,Product_216,Home & Garden,Home & Garden_Sub_5,Brand_24,Supplier_1,5.04,376.98,257,17,True,98.66
218,Product_217,Toys,Toys_Sub_2,Brand_27,Supplier_1,187.33,210.15,668,54,False,10.86
219,Product_218,Beauty,Beauty_Sub_3,Brand_18,Supplier_7,119.68,455.06,379,59,False,73.7
220,Product_219,Food,Food_Sub_5,Brand_16,Supplier_15,10.22,755.79,771,52,False,98.65
221,Product_220,Home & Garden,Home & Garden_Sub_5,Brand_3,Supplier_2,466.43,87.35,661,84,False,-433.98
222,Product_221,Clothing,Clothing_Sub_4,Brand_1,Supplier_8,465.39,799.58,561,53,False,41.8
223,Product_222,Beauty,Beauty_Sub_2,Brand_23,Supplier_3,329.53,188.79,760,40,True,-74.55
224,Product_223,Clothing,Clothing_Sub_2,Brand_10,Supplier_12,390.17,680.65,928,92,False,42.68
225,Product_224,Home & Garden,Home & Garden_Sub_5,Brand_6,Supplier_7,103.2,443.17,498,49,False,76.71
226,Product_225,Beauty,Beauty_Sub_3,Brand_42,Supplier_7,198.25,961.78,386,92,True,79.39
227,Product_226,Clothing,Clothing_Sub_1,Brand_42,Supplier_9,99.36,73.8,417,71,False,-34.63
228,Product_227,Home & Garden,Home & Garden_Sub_2,Brand_36,Supplier_16,179.71,931.66,283,49,False,80.71
229,Product_228,Sports,Sports_Sub_4,Brand_21,Supplier_3,327.05,715.5,551,43,False,54.29
230,Product_229,Home & Garden,Home & Garden_Sub_5,Brand_43,Supplier_17,67.72,890.93,431,67,False,92.4
231,Product_230,Sports,Sports_Sub_4,Brand_36,Supplier_9,319.72,804.08,428,93,False,60.24
232,Product_231,Electronics,Electronics_Sub_1,Brand_21,Supplier_6,117.48,318.86,568,96,False,63.16
233,Product_232,Books,Books_Sub_4,Brand_32,Supplier_3,69.02,155.61,949,92,False,55.65
234,Product_233,Toys,Toys_Sub_2,Brand_26,Supplier_6,270.87,196.28,134,59,False,-38.0
235,Product_234,Books,Books_Sub_4,Brand_14,Supplier_7,128.83,943.49,499,21,False,86.35
236,Product_235,Toys,Toys_Sub_5,Brand_40,Supplier_17,423.72,448.36,545,86,True,5.5
237,Product_236,Food,Food_Sub_5,Brand_43,Supplier_6,330.98,920.48,144,45,False,64.04
238,Product_237,Home & Garden,Home & Garden_Sub_3,Brand_20,Supplier_5,165.51,281.66,1,47,False,41.24
239,Product_238,Clothing,Clothing_Sub_4,Brand_37,Supplier_15,97.6,95.82,638,15,True,-1.86
240,Product_239,Sports,Sports_Sub_1,Brand_16,Supplier_4,175.08,612.43,745,17,False,71.41
241,Product_240,Toys,Toys_Sub_4,Brand_28,Supplier_11,229.21,324.67,335,83,False,29.4
242,Product_241,Books,Books_Sub_5,Brand_50,Supplier_16,307.61,807.69,768,33,False,61.91
243,Product_242,Beauty,Beauty_Sub_5,Brand_40,Supplier_6,300.81,484.38,382,41,False,37.9
244,Product_243,Electronics,Electronics_Sub_5,Brand_33,Supplier_15,91.79,156.78,286,27,False,41.45
245,Product_244,Beauty,Beauty_Sub_1,Brand_8,Supplier_17,199.03,440.98,259,31,False,54.87
246,Product_245,Food,Food_Sub_2,Brand_44,Supplier_1,297.32,665.75,56,16,False,55.34
247,Product_246,Books,Books_Sub_1,Brand_46,Supplier_18,371.82,396.85,766,69,False,6.31
248,Product_247,Clothing,Clothing_Sub_2,Brand_17,Supplier_16,163.52,466.84,200,63,False,64.97
249,Product_248,Beauty,Beauty_Sub_5,Brand_12,Supplier_13,245.43,849.45,223,47,False,71.11
250,Product_249,Books,Books_Sub_4,Brand_25,Supplier_13,227.6,363.58,995,99,False,37.4
251,Product_250,Electronics,Electronics_Sub_3,Brand_15,Supplier_8,244.53,442.49,73,26,False,44.74
252,Product_251,Electronics,Electronics_Sub_5,Brand_40,Supplier_14,326.87,472.71,276,48,False,30.85
253,Product_252,Clothing,Clothing_Sub_4,Brand_50,Supplier_9,438.82,187.54,118,56,True,-133.99
254,Product_253,Home & Garden,Home & Garden_Sub_1,Brand_20,Supplier_8,25.61,366.14,265,100,False,93.01
255,Product_254,Sports,Sports_Sub_2,Brand_50,Supplier_3,324.13,144.52,43,79,False,-124.28
256,Product_255,Food,Food_Sub_2,Brand_15,Supplier_4,220.88,110.64,931,18,False,-99.64
257,Product_256,Books,Books_Sub_5,Brand_48,Supplier_6,359.53,226.38,654,76,True,-58.82
258,Product_257,Beauty,Beauty_Sub_1,Brand_40,Supplier_18,474.84,463.28,821,46,False,-2.5
259,Product_258,Books,Books_Sub_1,Brand_29,Supplier_4,87.9,110.57,683,25,False,20.5
260,Product_259,Toys,Toys_Sub_4,Brand_35,Supplier_6,213.43,404.09,241,63,False,47.18
261,Product_260,Food,Food_Sub_5,Brand_15,Supplier_6,338.31,581.41,35,71,False,41.81
262,Product_261,Beauty,Beauty_Sub_1,Brand_40,Supplier_2,336.6,84.07,431,22,False,-300.38
263,Product_262,Sports,Sports_Sub_2,Brand_28,Supplier_20,295.92,160.06,414,64,True,-84.88
264,Product_263,Sports,Sports_Sub_1,Brand_50,Supplier_3,209.09,536.61,750,31,False,61.04
265,Product_264,Home & Garden,Home & Garden_Sub_2,Brand_26,Supplier_7,21.91,598.61,672,50,False,96.34
266,Product_265,Toys,Toys_Sub_2,Brand_32,Supplier_6,375.5,153.57,555,84,True,-144.51
267,Product_266,Toys,Toys_Sub_5,Brand_41,Supplier_8,447.01,515.65,440,98,False,13.31
268,Product_267,Sports,Sports_Sub_5,Brand_14,Supplier_8,486.67,190.74,881,67,True,-155.15
269,Product_268,Books,Books_Sub_1,Brand_16,Supplier_13,127.52,561.33,354,60,True,77.28
270,Product_269,Clothing,Clothing_Sub_2,Brand_27,Supplier_13,409.88,279.23,392,26,True,-46.79
271,Product_270,Toys,Toys_Sub_4,Brand_37,Supplier_8,255.11,379.32,305,43,False,32.75
272,Product_271,Beauty,Beauty_Sub_2,Brand_37,Supplier_19,347.59,190.51,449,72,False,-82.45
273,Product_272,Sports,Sports_Sub_4,Brand_45,Supplier_14,92.55,770.69,669,76,False,87.99
274,Product_273,Books,Books_Sub_5,Brand_16,Supplier_8,469.75,372.39,920,78,False,-26.14
275,Product_274,Food,Food_Sub_1,Brand_9,Supplier_1,191.86,457.69,614,91,False,58.08
276,Product_275,Clothing,Clothing_Sub_2,Brand_15,Supplier_12,181.26,359.87,43,20,False,49.63
277,Product_276,Beauty,Beauty_Sub_3,Brand_1,Supplier_11,158.92,382.45,500,59,False,58.45
278,Product_277,Food,Food_Sub_1,Brand_8,Supplier_12,204.96,184.88,363,21,True,-10.86
279,Product_278,Beauty,Beauty_Sub_2,Brand_7,Supplier_10,315.23,34.65,132,81,False,-809.75
280,Product_279,Sports,Sports_Sub_1,Brand_14,Supplier_15,268.25,575.14,115,61,False,53.36
281,Product_280,Beauty,Beauty_Sub_4,Brand_33,Supplier_7,271.72,660.23,455,24,False,58.84
282,Product_281,Electronics,Electronics_Sub_4,Brand_45,Supplier_18,497.47,130.01,480,59,False,-282.64
283,Product_282,Sports,Sports_Sub_4,Brand_48,Supplier_13,452.6,459.68,852,71,False,1.54
284,Product_283,Home & Garden,Home & Garden_Sub_3,Brand_20,Supplier_16,179.05,700.35,605,30,False,74.43
285,Product_284,Food,Food_Sub_4,Brand_10,Supplier_5,219.49,802.94,490,98,False,72.66
286,Product_285,Clothing,Clothing_Sub_4,Brand_39,Supplier_11,447.78,755.35,972,43,False,40.72
287,Product_286,Electronics,Electronics_Sub_3,Brand_6,Supplier_12,298.9,201.81,882,95,False,-48.11
288,Product_287,Books,Books_Sub_1,Brand_40,Supplier_16,170.58,590.86,786,68,False,71.13
289,Product_288,Beauty,Beauty_Sub_1,Brand_42,Supplier_4,399.96,744.51,455,32,False,46.28
290,Product_289,Beauty,Beauty_Sub_2,Brand_7,Supplier_2,72.47,17.93,413,34,False,-304.18
291,Product_290,Books,Books_Sub_3,Brand_37,Supplier_3,443.43,670.08,8,13,True,33.82
292,Product_291,Clothing,Clothing_Sub_4,Brand_13,Supplier_10,73.67,841.05,143,69,False,91.24
293,Product_292,Sports,Sports_Sub_1,Brand_1,Supplier_20,145.47,531.64,774,98,False,72.64
294,Product_293,Clothing,Clothing_Sub_1,Brand_43,Supplier_18,189.21,123.9,114,42,False,-52.71
295,Product_294,Electronics,Electronics_Sub_3,Brand_21,Supplier_1,372.13,537.44,478,54,False,30.76
296,Product_295,Home & Garden,Home & Garden_Sub_1,Brand_19,Supplier_18,203.51,914.71,389,22,False,77.75
297,Product_296,Toys,Toys_Sub_3,Brand_5,Supplier_4,376.81,389.22,70,74,False,3.19
298,Product_297,Clothing,Clothing_Sub_1,Brand_16,Supplier_9,128.61,748.78,590,56,False,82.82
299,Product_298,Electronics,Electronics_Sub_3,Brand_37,Supplier_14,401.5,90.21,22,61,False,-345.07
300,Product_299,Food,Food_Sub_4,Brand_25,Supplier_4,437.61,794.93,575,59,False,44.95
301,Product_300,Toys,Toys_Sub_3,Brand_13,Supplier_9,90.65,107.62,384,66,False,15.77
302,Product_301,Food,Food_Sub_4,Brand_14,Supplier_14,151.29,39.17,534,97,False,-286.24
303,Product_302,Clothing,Clothing_Sub_4,Brand_23,Supplier_18,292.59,491.64,330,13,False,40.49
304,Product_303,Sports,Sports_Sub_5,Brand_46,Supplier_16,454.84,284.26,252,15,False,-60.01
305,Product_304,Books,Books_Sub_3,Brand_25,Supplier_1,433.17,983.4,719,37,False,55.95
306,Product_305,Electronics,Electronics_Sub_4,Brand_18,Supplier_3,7.09,990.4,155,34,False,99.28
307,Product_306,Sports,Sports_Sub_2,Brand_17,Supplier_18,59.18,901.26,646,98,True,93.43
308,Product_307,Home & Garden,Home & Garden_Sub_2,Brand_43,Supplier_7,483.09,901.72,894,17,True,46.43
309,Product_308,Food,Food_Sub_2,Brand_30,Supplier_17,210.26,903.53,865,86,False,76.73
310,Product_309,Clothing,Clothing_Sub_5,Brand_47,Supplier_4,292.42,535.28,102,86,False,45.37
311,Product_310,Beauty,Beauty_Sub_3,Brand_45,Supplier_14,81.05,836.09,272,21,False,90.31
312,Product_311,Electronics,Electronics_Sub_1,Brand_48,Supplier_20,104.1,702.91,967,69,False,85.19
313,Product_312,Toys,Toys_Sub_1,Brand_11,Supplier_16,373.55,878.21,538,49,False,57.46
314,Product_313,Food,Food_Sub_5,Brand_24,Supplier_20,260.08,343.16,588,91,False,24.21
315,Product_314,Clothing,Clothing_Sub_5,Brand_11,Supplier_2,89.04,595.56,411,84,True,85.05
316,Product_315,Books,Books_Sub_3,Brand_10,Supplier_10,486.55,935.0,61,53,False,47.96
317,Product_316,Food,Food_Sub_1,Brand_16,Supplier_19,89.26,515.48,704,30,False,82.68
318,Product_317,Beauty,Beauty_Sub_2,Brand_49,Supplier_1,203.96,137.59,711,62,False,-48.24
319,Product_318,Sports,Sports_Sub_4,Brand_36,Supplier_14,86.63,307.09,101,23,False,71.79
320,Product_319,Food,Food_Sub_1,Brand_3,Supplier_11,68.36,838.15,791,35,False,91.84
321,Product_320,Sports,Sports_Sub_4,Brand_39,Supplier_4,145.62,79.28,73,97,False,-83.68
322,Product_321,Food,Food_Sub_4,Brand_16,Supplier_8,209.54,814.19,805,76,False,74.26
323,Product_322,Beauty,Beauty_Sub_1,Brand_20,Supplier_6,457.21,391.62,642,62,False,-16.75
324,Product_323,Toys,Toys_Sub_2,Brand_41,Supplier_20,280.63,497.92,656,49,False,43.64
325,Product_324,Home & Garden,Home & Garden_Sub_1,Brand_48,Supplier_20,415.12,846.3,1,54,False,50.95
326,Product_325,Toys,Toys_Sub_2,Brand_48,Supplier_19,240.99,104.19,126,35,False,-131.3
327,Product_326,Beauty,Beauty_Sub_2,Brand_10,Supplier_2,295.58,934.04,79,29,False,68.35
328,Product_327,Home & Garden,Home & Garden_Sub_2,Brand_47,Supplier_3,94.24,622.02,348,63,False,84.85
329,Product_328,Sports,Sports_Sub_1,Brand_29,Supplier_19,117.89,281.11,359,69,False,58.06
330,Product_329,Beauty,Beauty_Sub_2,Brand_1,Supplier_18,256.42,922.15,245,49,False,72.19
331,Product_330,Books,Books_Sub_2,Brand_25,Supplier_16,330.75,964.11,363,21,False,65.69
332,Product_331,Clothing,Clothing_Sub_4,Brand_34,Supplier_13,58.65,571.11,276,55,False,89.73
333,Product_332,Sports,Sports_Sub_1,Brand_28,Supplier_20,250.09,284.84,927,42,False,12.2
334,Product_333,Sports,Sports_Sub_4,Brand_20,Supplier_2,126.01,297.51,683,58,False,57.65
335,Product_334,Sports,Sports_Sub_1,Brand_31,Supplier_3,138.47,339.32,826,14,False,59.19
336,Product_335,Home & Garden,Home & Garden_Sub_4,Brand_16,Supplier_8,384.74,786.03,645,75,False,51.05
337,Product_336,Toys,Toys_Sub_4,Brand_12,Supplier_8,392.91,616.35,972,27,True,36.25
338,Product_337,Sports,Sports_Sub_4,Brand_3,Supplier_20,444.09,609.28,192,87,False,27.11
339,Product_338,Beauty,Beauty_Sub_4,Brand_21,Supplier_12,440.13,439.84,756,92,False,-0.07
340,Product_339,Electronics,Electronics_Sub_1,Brand_23,Supplier_3,160.24,947.94,107,97,False,83.1
341,Product_340,Beauty,Beauty_Sub_1,Brand_27,Supplier_11,309.58,815.76,875,31,False,62.05
342,Product_341,Clothing,Clothing_Sub_5,Brand_41,Supplier_3,113.96,682.51,111,68,False,83.3
343,Product_342,Beauty,Beauty_Sub_3,Brand_13,Supplier_3,206.86,286.23,629,62,False,27.73
344,Product_343,Food,Food_Sub_5,Brand_29,Supplier_7,434.59,340.5,94,32,False,-27.63
345,Product_344,Beauty,Beauty_Sub_5,Brand_16,Supplier_17,225.6,488.97,432,20,False,53.86
346,Product_345,Beauty,Beauty_Sub_4,Brand_2,Supplier_15,104.28,950.28,744,59,True,89.03
347,Product_346,Clothing,Clothing_Sub_5,Brand_45,Supplier_1,180.37,845.48,92,82,False,78.67
348,Product_347,Electronics,Electronics_Sub_2,Brand_29,Supplier_10,45.62,440.92,1,86,False,89.65
349,Product_348,Clothing,Clothing_Sub_5,Brand_45,Supplier_10,473.88,256.7,430,21,False,-84.6
350,Product_349,Home & Garden,Home & Garden_Sub_2,Brand_8,Supplier_20,438.46,353.29,537,56,False,-24.11
351,Product_350,Toys,Toys_Sub_2,Brand_8,Supplier_13,131.23,784.55,50,88,True,83.27
352,Product_351,Sports,Sports_Sub_2,Brand_35,Supplier_16,299.71,895.31,379,89,False,66.52
353,Product_352,Sports,Sports_Sub_5,Brand_20,Supplier_20,344.64,72.76,825,12,True,-373.67
354,Product_353,Home & Garden,Home & Garden_Sub_2,Brand_9,Supplier_12,317.16,150.26,611,54,False,-111.07
355,Product_354,Clothing,Clothing_Sub_3,Brand_43,Supplier_18,416.11,59.72,679,85,False,-596.77
356,Product_355,Clothing,Clothing_Sub_2,Brand_35,Supplier_18,289.62,265.54,183,73,False,-9.07
357,Product_356,Food,Food_Sub_4,Brand_30,Supplier_10,134.55,941.35,465,73,True,85.71
358,Product_357,Beauty,Beauty_Sub_5,Brand_36,Supplier_6,320.15,435.87,354,24,False,26.55
359,Product_358,Beauty,Beauty_Sub_2,Brand_10,Supplier_10,386.56,270.32,343,98,False,-43.0
360,Product_359,Home & Garden,Home & Garden_Sub_4,Brand_30,Supplier_7,226.52,474.28,397,82,False,52.24
361,Product_360,Food,Food_Sub_2,Brand_28,Supplier_8,35.35,424.34,542,65,False,91.67
362,Product_361,Sports,Sports_Sub_2,Brand_31,Supplier_19,448.48,229.64,642,28,False,-95.3
363,Product_362,Home & Garden,Home & Garden_Sub_3,Brand_38,Supplier_16,221.72,234.57,849,100,False,5.48
364,Product_363,Toys,Toys_Sub_3,Brand_33,Supplier_13,319.22,637.55,186,46,False,49.93
365,Product_364,Toys,Toys_Sub_5,Brand_30,Supplier_17,483.44,794.43,101,41,False,39.15
366,Product_365,Clothing,Clothing_Sub_1,Brand_42,Supplier_18,310.35,660.22,919,49,False,52.99
367,Product_366,Beauty,Beauty_Sub_3,Brand_42,Supplier_7,149.74,212.27,433,63,False,29.46
368,Product_367,Food,Food_Sub_4,Brand_19,Supplier_15,312.88,454.1,75,98,False,31.1
369,Product_368,Books,Books_Sub_5,Brand_18,Supplier_1,294.03,54.66,63,80,False,-437.93
370,Product_369,Sports,Sports_Sub_2,Brand_26,Supplier_14,159.69,951.84,628,64,False,83.22
371,Product_370,Beauty,Beauty_Sub_2,Brand_42,Supplier_17,454.6,265.72,849,53,False,-71.08
372,Product_371,Toys,Toys_Sub_5,Brand_20,Supplier_2,496.49,795.5,605,16,False,37.59
373,Product_372,Home & Garden,Home & Garden_Sub_2,Brand_20,Supplier_15,486.92,28.15,295,23,False,-1629.73
374,Product_373,Sports,Sports_Sub_4,Brand_17,Supplier_1,173.05,549.06,41,67,False,68.48
375,Product_374,Books,Books_Sub_4,Brand_42,Supplier_8,77.16,416.52,823,23,False,81.48
376,Product_375,Home & Garden,Home & Garden_Sub_2,Brand_32,Supplier_17,103.98,350.99,312,35,False,70.38
377,Product_376,Electronics,Electronics_Sub_1,Brand_37,Supplier_7,410.43,61.06,115,63,False,-572.17
378,Product_377,Toys,Toys_Sub_2,Brand_12,Supplier_20,478.54,410.87,576,40,False,-16.47
379,Product_378,Home & Garden,Home & Garden_Sub_5,Brand_31,Supplier_16,229.05,407.07,535,67,True,43.73
380,Product_379,Clothing,Clothing_Sub_5,Brand_15,Supplier_20,227.45,936.59,89,89,False,75.72
381,Product_380,Electronics,Electronics_Sub_3,Brand_8,Supplier_10,333.89,773.44,838,17,False,56.83
382,Product_381,Home & Garden,Home & Garden_Sub_2,Brand_5,Supplier_3,350.85,547.29,973,44,True,35.89
383,Product_382,Clothing,Clothing_Sub_4,Brand_44,Supplier_1,89.85,535.46,312,39,False,83.22
384,Product_383,Toys,Toys_Sub_4,Brand_35,Supplier_10,244.3,875.25,895,13,False,72.09
385,Product_384,Home & Garden,Home & Garden_Sub_3,Brand_43,Supplier_5,301.47,899.6,664,67,False,66.49
386,Product_385,Beauty,Beauty_Sub_4,Brand_32,Supplier_12,149.91,250.48,888,49,True,40.15
387,Product_386,Beauty,Beauty_Sub_5,Brand_17,Supplier_14,361.66,773.7,478,50,False,53.26
388,Product_387,Home & Garden,Home & Garden_Sub_4,Brand_31,Supplier_12,462.15,808.89,556,42,True,42.87
389,Product_388,Clothing,Clothing_Sub_3,Brand_14,Supplier_13,335.1,683.21,295,94,True,50.95
390,Product_389,Books,Books_Sub_4,Brand_43,Supplier_15,81.18,603.44,683,36,True,86.55
391,Product_390,Sports,Sports_Sub_1,Brand_14,Supplier_9,128.8,201.48,555,91,False,36.07
392,Product_391,Clothing,Clothing_Sub_3,Brand_22,Supplier_19,298.1,257.62,210,48,False,-15.71
393,Product_392,Home & Garden,Home & Garden_Sub_4,Brand_11,Supplier_10,260.15,816.59,121,71,False,68.14
394,Product_393,Toys,Toys_Sub_1,Brand_40,Supplier_15,222.61,127.96,398,82,False,-73.97
395,Product_394,Books,Books_Sub_1,Brand_4,Supplier_5,370.21,762.43,819,40,True,51.44
396,Product_395,Home & Garden,Home & Garden_Sub_2,Brand_15,Supplier_17,481.02,319.02,175,63,False,-50.78
397,Product_396,Home & Garden,Home & Garden_Sub_4,Brand_10,Supplier_9,446.29,871.48,906,28,False,48.79
398,Product_397,Books,Books_Sub_5,Brand_15,Supplier_16,446.74,359.47,483,54,False,-24.28
399,Product_398,Clothing,Clothing_Sub_5,Brand_4,Supplier_19,70.37,542.91,641,78,True,87.04
400,Product_399,Electronics,Electronics_Sub_3,Brand_16,Supplier_14,278.39,565.71,659,91,False,50.79
401,Product_400,Electronics,Electronics_Sub_2,Brand_5,Supplier_10,12.97,156.6,717,86,False,91.72
402,Product_401,Home & Garden,Home & Garden_Sub_5,Brand_11,Supplier_9,209.71,169.62,342,31,False,-23.64
403,Product_402,Electronics,Electronics_Sub_2,Brand_18,Supplier_18,172.62,667.09,269,24,False,74.12
404,Product_403,Home & Garden,Home & Garden_Sub_5,Brand_12,Supplier_5,219.75,44.84,196,20,False,-390.08
405,Product_404,Toys,Toys_Sub_3,Brand_29,Supplier_8,59.54,489.14,477,97,False,87.83
406,Product_405,Electronics,Electronics_Sub_2,Brand_49,Supplier_17,173.56,152.49,447,99,False,-13.82
407,Product_406,Clothing,Clothing_Sub_1,Brand_25,Supplier_6,315.68,454.38,471,39,False,30.53
408,Product_407,Toys,Toys_Sub_5,Brand_41,Supplier_10,27.61,462.98,728,18,False,94.04
409,Product_408,Clothing,Clothing_Sub_5,Brand_14,Supplier_16,488.73,734.88,418,34,False,33.5
410,Product_409,Electronics,Electronics_Sub_5,Brand_20,Supplier_6,154.56,528.9,512,17,False,70.78
411,Product_410,Books,Books_Sub_1,Brand_6,Supplier_6,186.99,992.58,832,47,False,81.16
412,Product_411,Sports,Sports_Sub_2,Brand_43,Supplier_1,273.66,41.86,925,75,False,-553.75
413,Product_412,Books,Books_Sub_1,Brand_2,Supplier_6,243.27,407.11,206,48,False,40.24
414,Product_413,Beauty,Beauty_Sub_4,Brand_46,Supplier_8,248.95,637.48,798,91,False,60.95
415,Product_414,Clothing,Clothing_Sub_3,Brand_30,Supplier_15,182.58,286.63,174,69,False,36.3
416,Product_415,Beauty,Beauty_Sub_5,Brand_48,Supplier_15,22.15,28.4,920,91,False,22.01
417,Product_416,Books,Books_Sub_4,Brand_2,Supplier_20,457.53,258.8,318,37,False,-76.79
418,Product_417,Clothing,Clothing_Sub_3,Brand_50,Supplier_11,387.04,447.07,663,94,False,13.43
419,Product_418,Food,Food_Sub_5,Brand_9,Supplier_7,487.41,134.39,870,80,False,-262.68
420,Product_419,Clothing,Clothing_Sub_2,Brand_43,Supplier_8,296.49,795.17,133,64,False,62.71
421,Product_420,Home & Garden,Home & Garden_Sub_3,Brand_37,Supplier_13,326.77,948.73,753,40,False,65.56
422,Product_421,Toys,Toys_Sub_1,Brand_30,Supplier_4,233.66,790.46,92,27,False,70.44
423,Product_422,Toys,Toys_Sub_5,Brand_8,Supplier_6,42.44,33.11,249,64,True,-28.18
424,Product_423,Home & Garden,Home & Garden_Sub_5,Brand_40,Supplier_12,195.61,970.85,81,75,True,79.85
425,Product_424,Books,Books_Sub_2,Brand_10,Supplier_11,225.37,991.56,569,17,True,77.27
426,Product_425,Toys,Toys_Sub_2,Brand_30,Supplier_1,10.39,852.75,581,55,False,98.78
427,Product_426,Clothing,Clothing_Sub_5,Brand_28,Supplier_20,302.04,516.54,133,79,True,41.53
428,Product_427,Toys,Toys_Sub_4,Brand_45,Supplier_19,422.43,564.96,718,45,False,25.23
429,Product_428,Clothing,Clothing_Sub_1,Brand_12,Supplier_18,167.61,604.37,87,75,False,72.27
430,Product_429,Beauty,Beauty_Sub_2,Brand_18,Supplier_12,197.67,790.25,946,91,False,74.99
431,Product_430,Electronics,Electronics_Sub_5,Brand_21,Supplier_15,55.22,170.02,371,60,False,67.52
432,Product_431,Home & Garden,Home & Garden_Sub_5,Brand_39,Supplier_14,355.85,789.7,591,84,False,54.94
433,Product_432,Food,Food_Sub_5,Brand_34,Supplier_6,122.41,434.75,637,56,False,71.84
434,Product_433,Home & Garden,Home & Garden_Sub_1,Brand_5,Supplier_3,385.11,551.22,333,82,False,30.13
435,Product_434,Beauty,Beauty_Sub_4,Brand_36,Supplier_10,50.49,824.54,636,66,False,93.88
436,Product_435,Beauty,Beauty_Sub_4,Brand_38,Supplier_18,49.51,970.34,504,69,False,94.9
437,Product_436,Sports,Sports_Sub_5,Brand_32,Supplier_2,5.48,771.33,225,49,True,99.29
438,Product_437,Toys,Toys_Sub_2,Brand_42,Supplier_13,107.26,192.44,708,82,False,44.26
439,Product_438,Clothing,Clothing_Sub_4,Brand_20,Supplier_20,75.13,211.0,626,15,False,64.39
440,Product_439,Electronics,Electronics_Sub_4,Brand_14,Supplier_20,209.22,203.07,230,26,True,-3.03
441,Product_440,Beauty,Beauty_Sub_3,Brand_35,Supplier_2,76.44,665.6,359,88,False,88.52
442,Product_441,Electronics,Electronics_Sub_3,Brand_8,Supplier_10,216.47,535.59,187,92,False,59.58
443,Product_442,Toys,Toys_Sub_4,Brand_12,Supplier_13,479.99,989.52,577,65,False,51.49
444,Product_443,Clothing,Clothing_Sub_4,Brand_36,Supplier_19,53.95,398.97,801,96,True,86.48
445,Product_444,Clothing,Clothing_Sub_3,Brand_37,Supplier_13,186.78,372.99,644,46,True,49.92
446,Product_445,Clothing,Clothing_Sub_3,Brand_31,Supplier_17,21.5,15.13,546,90,False,-42.1
447,Product_446,Home & Garden,Home & Garden_Sub_1,Brand_50,Supplier_3,120.76,810.78,739,99,False,85.11
448,Product_447,Food,Food_Sub_2,Brand_24,Supplier_11,6.8,742.91,298,46,False,99.08
449,Product_448,Beauty,Beauty_Sub_1,Brand_27,Supplier_1,33.92,245.97,737,71,True,86.21
450,Product_449,Home & Garden,Home & Garden_Sub_5,Brand_49,Supplier_6,34.23,485.17,67,57,False,92.94
451,Product_450,Home & Garden,Home & Garden_Sub_3,Brand_5,Supplier_1,107.86,376.2,717,83,False,71.33
452,Product_451,Sports,Sports_Sub_1,Brand_12,Supplier_3,96.25,452.95,495,83,False,78.75
453,Product_452,Clothing,Clothing_Sub_5,Brand_45,Supplier_12,497.87,133.74,981,35,False,-272.27
454,Product_453,Clothing,Clothing_Sub_5,Brand_40,Supplier_19,309.67,387.51,357,17,False,20.09
455,Product_454,Food,Food_Sub_3,Brand_32,Supplier_16,79.74,593.11,640,38,False,86.56
456,Product_455,Food,Food_Sub_5,Brand_1,Supplier_16,341.68,824.02,697,36,False,58.53
457,Product_456,Sports,Sports_Sub_1,Brand_48,Supplier_3,261.85,824.79,467,31,True,68.25
458,Product_457,Clothing,Clothing_Sub_1,Brand_22,Supplier_13,108.35,640.25,305,41,False,83.08
459,Product_458,Beauty,Beauty_Sub_5,Brand_12,Supplier_11,34.76,159.25,951,50,True,78.17
460,Product_459,Home & Garden,Home & Garden_Sub_5,Brand_7,Supplier_13,113.44,737.56,106,67,False,84.62
461,Product_460,Clothing,Clothing_Sub_1,Brand_47,Supplier_9,132.23,614.13,289,84,True,78.47
462,Product_461,Food,Food_Sub_3,Brand_40,Supplier_3,468.8,136.86,363,92,False,-242.54
463,Product_462,Sports,Sports_Sub_3,Brand_22,Supplier_12,59.84,859.21,992,73,False,93.04
464,Product_463,Sports,Sports_Sub_4,Brand_29,Supplier_8,383.17,250.46,742,69,False,-52.99
465,Product_464,Books,Books_Sub_1,Brand_28,Supplier_20,267.4,29.83,206,80,False,-796.41
466,Product_465,Sports,Sports_Sub_4,Brand_41,Supplier_11,343.81,625.59,581,62,True,45.04
467,Product_466,Electronics,Electronics_Sub_4,Brand_27,Supplier_6,452.36,285.1,910,21,False,-58.67
468,Product_467,Food,Food_Sub_3,Brand_17,Supplier_6,56.97,620.61,872,57,False,90.82
469,Product_468,Beauty,Beauty_Sub_2,Brand_34,Supplier_13,235.72,190.98,838,99,False,-23.43
470,Product_469,Books,Books_Sub_3,Brand_5,Supplier_16,300.69,397.1,508,95,False,24.28
471,Product_470,Food,Food_Sub_3,Brand_7,Supplier_1,375.84,516.13,136,91,True,27.18
472,Product_471,Beauty,Beauty_Sub_3,Brand_4,Supplier_6,303.06,152.58,578,72,False,-98.62
473,Product_472,Food,Food_Sub_4,Brand_37,Supplier_15,297.14,16.67,856,64,False,-1682.48
474,Product_473,Books,Books_Sub_2,Brand_24,Supplier_19,53.75,858.89,562,69,True,93.74
475,Product_474,Books,Books_Sub_2,Brand_43,Supplier_1,195.73,484.51,971,82,False,59.6
476,Product_475,Toys,Toys_Sub_4,Brand_40,Supplier_2,202.26,475.47,183,22,False,57.46
477,Product_476,Books,Books_Sub_4,Brand_28,Supplier_6,44.61,440.94,384,22,False,89.88
478,Product_477,Sports,Sports_Sub_1,Brand_44,Supplier_13,330.4,23.23,6,29,False,-1322.3
479,Product_478,Toys,Toys_Sub_1,Brand_9,Supplier_1,193.81,357.64,110,14,False,45.81
480,Product_479,Home & Garden,Home & Garden_Sub_2,Brand_22,Supplier_18,171.34,57.03,763,80,False,-200.44
481,Product_480,Food,Food_Sub_4,Brand_49,Supplier_9,222.01,579.72,348,44,False,61.7
482,Product_481,Clothing,Clothing_Sub_5,Brand_25,Supplier_16,354.98,780.99,73,91,False,54.55
483,Product_482,Food,Food_Sub_5,Brand_39,Supplier_18,111.22,339.25,256,75,False,67.22
484,Product_483,Electronics,Electronics_Sub_2,Brand_23,Supplier_14,58.4,511.48,941,52,False,88.58
485,Product_484,Electronics,Electronics_Sub_3,Brand_41,Supplier_6,143.41,839.51,556,98,True,82.92
486,Product_485,Food,Food_Sub_4,Brand_26,Supplier_11,363.24,61.45,597,79,False,-491.11
487,Product_486,Clothing,Clothing_Sub_5,Brand_47,Supplier_5,117.11,866.23,165,65,True,86.48
488,Product_487,Food,Food_Sub_4,Brand_45,Supplier_13,308.18,904.02,486,32,True,65.91
489,Product_488,Beauty,Beauty_Sub_4,Brand_9,Supplier_17,219.43,342.04,310,55,False,35.85
490,Product_489,Food,Food_Sub_5,Brand_20,Supplier_9,104.91,794.47,424,29,False,86.79
491,Product_490,Sports,Sports_Sub_1,Brand_7,Supplier_1,100.96,227.45,677,11,False,55.61
492,Product_491,Sports,Sports_Sub_4,Brand_25,Supplier_13,344.53,626.81,289,59,False,45.03
493,Product_492,Sports,Sports_Sub_2,Brand_43,Supplier_8,297.34,118.96,198,14,False,-149.95
494,Product_493,Sports,Sports_Sub_1,Brand_38,Supplier_18,233.47,474.22,287,87,False,50.77
495,Product_494,Sports,Sports_Sub_3,Brand_43,Supplier_2,220.44,641.76,326,51,True,65.65
496,Product_495,Sports,Sports_Sub_4,Brand_22,Supplier_9,17.29,865.59,274,84,False,98.0
497,Product_496,Sports,Sports_Sub_3,Brand_6,Supplier_13,314.97,18.16,82,25,True,-1634.42
498,Product_497,Clothing,Clothing_Sub_2,Brand_22,Supplier_14,465.66,151.11,759,53,False,-208.16
499,Product_498,Home & Garden,Home & Garden_Sub_2,Brand_37,Supplier_4,177.87,940.77,384,66,False,81.09
500,Product_499,Beauty,Beauty_Sub_3,Brand_19,Supplier_11,9.71,679.01,394,92,True,98.57
